0, -9.3279999999999994
0, -16.690000000000001
1, -3.573
1, -13.505000000000001
1, -15.606
0, -15.647
1, -6.1369999999999996
0, -13.949
1, -3.9550000000000001
1, -11.084
1, -11.340999999999999
1, -4.0629999999999997
0, -6.0659999999999998
0, -4.2300000000000004
1, -2.5249999999999999
1, -9.9469999999999992
1, -10.847
0, -16.690999999999999
1, -10.047000000000001
0, -6.4130000000000003
0, -11.996
0, -5.8040000000000003
1, -3.3300000000000001
1, -4.7469999999999999
1, -6.3479999999999999
0, -13.157999999999999
1, -6.1459999999999999
0, -19.001999999999999
1, -6.694
1, -6.3929999999999998
0, -13.935
0, -15.715999999999999
1, -3.988
0, -6.0540000000000003
0, -10.449
0, -5.5209999999999999
0, -6.0350000000000001
1, -7.7999999999999998
1, -8.0890000000000004
1, -7.048
1, -6.4690000000000003
0, -7.0060000000000002
1, -6.2969999999999997
0, -17.181000000000001
0, -15.061999999999999
1, -7.1349999999999998
1, -10.297000000000001
1, -9.9920000000000009
1, -5.8520000000000003
1, -10.851000000000001
1, -5.6760000000000002
1, -4.173
0, -8.4359999999999999
1, -11.596
0, -13.035
1, -9.3160000000000007
1, -6.4000000000000004
1, -5.5640000000000001
0, -13.579000000000001
0, -5.6529999999999996
0, -8.5039999999999996
1, -8.077
0, -12.512
1, -5.234
1, -5.4260000000000002
0, -8.5890000000000004
0, -8.7940000000000005
1, -11.087999999999999
1, -4.6210000000000004
1, -10.893000000000001
0, -7.9829999999999997
0, -4.2800000000000002
1, -9.8569999999999993
0, -13.398999999999999
0, -7.915
1, -11.587999999999999
0, -3.0800000000000001
0, -13.573
1, -5.032
1, -10.544
1, -7.4550000000000001
1, -8.0220000000000002
1, -7.827
1, -5.9450000000000003
0, -11.496
1, -12.818
1, -9.3260000000000005
1, -5.806
1, -5.008
0, -11.301
0, -6.1520000000000001
0, -13.914999999999999
1, -3.044
1, -6.4729999999999999
1, -7.4669999999999996
0, -16.600000000000001
0, -15.102
1, -10.939
1, -5.9400000000000004
0, -6.5149999999999997
1, -10.897
1, -3.2250000000000001
0, -5.75
1, -15.590999999999999
1, -9.9109999999999996
1, -9.5579999999999998
0, -13.606
0, -5.2839999999999998
1, -3.8050000000000002
0, -14.305
0, -27.018999999999998
1, -4.2850000000000001
0, -8.0129999999999999
1, -12.75
1, -5.665
0, -9.9440000000000008
1, -5.9589999999999996
1, -6.4459999999999997
0, -17.422000000000001
1, -3.145
0, -9.4280000000000008
1, -5.7199999999999998
0, -5.1319999999999997
1, -4.9199999999999999
1, -4.9939999999999998
0, -11.186999999999999
1, -6.2939999999999996
1, -9.8460000000000001
1, -6.399
0, -9.8170000000000002
1, -7.173
0, -8.6690000000000005
1, -7.0149999999999997
0, -11.145
0, -14.849
1, -7.1859999999999999
0, -14.547000000000001
1, -8.3260000000000005
1, -8.0299999999999994
1, -5.1310000000000002
0, -8.7010000000000005
0, -7.5119999999999996
1, -6.9470000000000001
0, -9.4130000000000003
0, -11.975
1, -4.4950000000000001
0, -23.202000000000002
1, -2.8700000000000001
1, -13.454000000000001
0, -6.4550000000000001
1, -3.214
0, -5.6230000000000002
0, -12.183
1, -12.526999999999999
0, -10.851000000000001
1, -14.129
0, -7.6399999999999997
0, -25.369
1, -7.1959999999999997
0, -8.2729999999999997
1, -9.6639999999999997
0, -11.956
1, -5.899
0, -6.3099999999999996
1, -6.3220000000000001
0, -2.863
0, -7.7629999999999999
1, -7.1779999999999999
1, -11.547000000000001
0, -19.876999999999999
1, -25.745000000000001
0, -9.8680000000000003
0, -8.4730000000000008
0, -5.6929999999999996
1, -2.3210000000000002
0, -5.9800000000000004
0, -8.6880000000000006
1, -12.289
1, -3.2610000000000001
0, -6.8659999999999997
1, -9.3849999999999998
0, -14.808999999999999
0, -14.234
1, -3.2869999999999999
0, -14.477
0, -6.032
1, -4.5270000000000001
1, -6.8929999999999998
0, -5.8109999999999999
1, -8.0050000000000008
0, -19.396999999999998
1, -8.6679999999999993
0, -14.164999999999999
0, -9.3439999999999994
0, -13.558
0, -4.4850000000000003
0, -5.4349999999999996
0, -17.646999999999998
1, -7.4299999999999997
1, -10.519
1, -11.298
0, -7.0830000000000002
0, -18.994
0, -11.051
0, -8.7140000000000004
1, -3.7789999999999999
1, -7.4880000000000004
1, -13.613
1, -15.967000000000001
1, -13.27
1, -5.6219999999999999
1, -5.6680000000000001
1, -6.7069999999999999
1, -9.0790000000000006
0, -7.9580000000000002
0, -26.631
1, -4.4690000000000003
1, -3.782
0, -10.124000000000001
1, -15.837999999999999
0, -5.2350000000000003
0, -14.478999999999999
0, -6.0250000000000004
1, -9.5399999999999991
0, -5.8019999999999996
1, -11.996
0, -9.7769999999999992
0, -22.033000000000001
0, -13.601000000000001
1, -6.8319999999999999
0, -6.7370000000000001
1, -3.952
0, -14.689
1, -9.093
1, -3.5649999999999999
1, -4.46
0, -17.815999999999999
0, -8.4410000000000007
1, -6.7539999999999996
1, -10.775
1, -8.3510000000000009
1, -3.1240000000000001
0, -8.8160000000000007
1, -4.3170000000000002
0, -4.7690000000000001
1, -11.705
0, -12.983000000000001
1, -6.718
0, -8.141
0, -16.437999999999999
1, -7.6059999999999999
1, -4.8079999999999998
1, -8.3160000000000007
1, -5.3239999999999998
1, -3.8919999999999999
0, -11.992000000000001
1, -7.5570000000000004
1, -3.5790000000000002
1, -3.3010000000000002
1, -7.3550000000000004
1, -10.347
1, -8.2110000000000003
0, -8.0220000000000002
0, -9.2010000000000005
1, -2.0270000000000001
1, -4.3460000000000001
1, -5.0609999999999999
1, -9.0239999999999991
1, -8.2829999999999995
1, -13.522
0, -10.449
1, -5.3460000000000001
0, -12.427
1, -4.2779999999999996
0, -23.041
0, -6.5679999999999996
0, -14.106999999999999
0, -12.881
1, -3.9249999999999998
1, -17.623999999999999
0, -11.380000000000001
1, -4.8019999999999996
1, -12.063000000000001
1, -5.0460000000000003
1, -3.6930000000000001
1, -3.294
1, -7.8970000000000002
1, -6.6639999999999997
0, -4.9359999999999999
0, -11.621
0, -11.769
0, -3.9409999999999998
0, -7.2329999999999997
1, -4.8300000000000001
1, -7.6159999999999997
0, -8.8819999999999997
1, -8.0229999999999997
1, -4.7320000000000002
0, -5.274
0, -14.013999999999999
1, -4.157
0, -10.680999999999999
1, -7.5339999999999998
1, -6.6580000000000004
1, -17.279
0, -9.3100000000000005
0, -6.8579999999999997
0, -6.9829999999999997
0, -11.481999999999999
0, -15.135
1, -2.976
0, -18.678999999999998
0, -3.4710000000000001
1, -4.7160000000000002
1, -2.198
1, -5.6399999999999997
0, -8.1899999999999995
0, -9.0389999999999997
1, -9.2759999999999998
1, -6.1550000000000002
1, -6.5039999999999996
0, -17.937999999999999
0, -8.9280000000000008
1, -6.806
1, -6.0880000000000001
1, -10.577999999999999
0, -15.494
1, -4.3650000000000002
0, -9.0700000000000003
0, -5.5490000000000004
1, -3.9300000000000002
1, -4.2489999999999997
1, -7.5490000000000004
1, -8.0250000000000004
1, -6.9459999999999997
1, -5.6529999999999996
1, -4.6360000000000001
1, -2.1400000000000001
0, -10.502000000000001
0, -5.4690000000000003
1, -4.5149999999999997
1, -6.3040000000000003
0, -16.876999999999999
1, -5.742
0, -9.1590000000000007
1, -9.8079999999999998
0, -10.172000000000001
1, -7.1619999999999999
0, -6.5190000000000001
0, -8.7479999999999993
0, -14.206
1, -8.3109999999999999
1, -6.8099999999999996
1, -11.710000000000001
0, -11.537000000000001
1, -9.4329999999999998
1, -8.7880000000000003
0, -4.7359999999999998
1, -5.6539999999999999
1, -8.5909999999999993
1, -6.6950000000000003
1, -3.9420000000000002
1, -7.2069999999999999
1, -7.7110000000000003
1, -10.557
1, -6.0670000000000002
0, -9.9779999999999998
0, -15.0
1, -4.165
0, -8.0690000000000008
0, -14.173
1, -5.8689999999999998
0, -8.2729999999999997
0, -4.7709999999999999
0, -5.3780000000000001
0, -7.6829999999999998
1, -15.550000000000001
0, -4.3979999999999997
1, -5.6269999999999998
0, -5.7999999999999998
0, -11.4
0, -8.0960000000000001
0, -2.9279999999999999
0, -14.919
0, -11.946999999999999
0, -9.0570000000000004
0, -7.9980000000000002
1, -6.6429999999999998
0, -4.2720000000000002
0, -9.5030000000000001
0, -14.23
1, -7.1630000000000003
1, -8.8780000000000001
1, -4.8339999999999996
0, -7.3819999999999997
0, -6.992
1, -10.175000000000001
0, -9.5350000000000001
0, -9.3439999999999994
0, -5.8639999999999999
1, -2.1920000000000002
0, -13.535
0, -7.6219999999999999
1, -5.0720000000000001
1, -8.6129999999999995
1, -12.368
1, -6.6689999999999996
1, -4.2930000000000001
0, -8.6929999999999996
0, -9.4619999999999997
1, -11.494
1, -12.525
0, -9.5570000000000004
0, -8.1460000000000008
1, -9.4719999999999995
1, -5.4320000000000004
1, -12.494
0, -3.9769999999999999
0, -8.1379999999999999
1, -4.2560000000000002
0, -13.798
1, -7.9710000000000001
0, -9.0679999999999996
1, -9.3059999999999992
1, -3.8839999999999999
1, -3.8690000000000002
0, -21.303999999999998
1, -11.273
1, -4.6180000000000003
0, -14.042
0, -7.2549999999999999
0, -9.8879999999999999
0, -6.819
1, -11.952999999999999
1, -3.8620000000000001
1, -4.4279999999999999
0, -11.132999999999999
1, -3.7789999999999999
1, -5.4189999999999996
1, -23.245999999999999
0, -23.684999999999999
0, -15.6
0, -14.819000000000001
0, -6.9180000000000001
1, -14.1
0, -4.6719999999999997
1, -13.092000000000001
1, -12.186
0, -5.9329999999999998
0, -7.0529999999999999
0, -7.2480000000000002
0, -8.8140000000000001
0, -9.3239999999999998
0, -6.1470000000000002
0, -15.682
1, -4.4329999999999998
1, -8.6859999999999999
1, -7.75
1, -9.6470000000000002
0, -4.5999999999999996
1, -10.439
0, -16.553000000000001
0, -7.2619999999999996
0, -5.1699999999999999
0, -5.0049999999999999
0, -8.6620000000000008
0, -9.3689999999999998
0, -3.6190000000000002
0, -6.2439999999999998
0, -9.7739999999999991
0, -11.574
1, -8.5120000000000005
0, -5.1440000000000001
1, -13.374000000000001
0, -7.4790000000000001
0, -9.1999999999999993
1, -8.9510000000000005
1, -4.0640000000000001
0, -6.6529999999999996
0, -5.7519999999999998
1, -7.766
0, -28.25
0, -10.369
0, -19.172999999999998
1, -4.1459999999999999
1, -3.2149999999999999
1, -7.319
0, -7.1100000000000003
1, -9.5069999999999997
1, -10.351000000000001
1, -5.0190000000000001
0, -5.782
0, -10.231999999999999
1, -5.726
0, -29.084
1, -2.9569999999999999
0, -11.627000000000001
1, -3.5609999999999999
0, -8.1489999999999991
0, -11.811999999999999
1, -3.7090000000000001
0, -13.305
0, -10.231999999999999
0, -15.314
0, -26.771999999999998
0, -7.8209999999999997
0, -8.6340000000000003
1, -13.143000000000001
1, -9.6699999999999999
1, -4.6890000000000001
1, -5.3419999999999996
0, -6.5300000000000002
1, -5.4900000000000002
1, -4.1639999999999997
0, -12.987
0, -9.2490000000000006
0, -27.844999999999999
1, -6.0250000000000004
0, -14.475
1, -5.694
1, -8.5990000000000002
0, -15.15
1, -9.3219999999999992
0, -5.883
0, -12.119
0, -14.015000000000001
1, -9.0419999999999998
0, -20.405999999999999
1, -6.548
0, -14.744
1, -2.6890000000000001
1, -5.9210000000000003
1, -12.749000000000001
0, -9.3249999999999993
1, -4.883
0, -10.632999999999999
1, -10.807
1, -5.4029999999999996
0, -8.4309999999999992
1, -2.7349999999999999
1, -6.4100000000000001
0, -12.518000000000001
1, -6.6420000000000003
1, -15.609
1, -7.1449999999999996
0, -8.6999999999999993
1, -4.5359999999999996
1, -16.402000000000001
1, -7.8659999999999997
1, -8.5009999999999994
1, -7.2089999999999996
1, -4.2889999999999997
1, -6.3170000000000002
1, -5.2000000000000002
1, -12.346
0, -10.484
1, -10.083
0, -11.723000000000001
0, -10.673999999999999
0, -7.194
0, -10.096
1, -11.513999999999999
0, -6.8710000000000004
1, -7.8040000000000003
1, -3.492
0, -5.6740000000000004
1, -5.1500000000000004
1, -5.5119999999999996
1, -23.949000000000002
0, -13.821999999999999
0, -5.6879999999999997
1, -18.146000000000001
0, -11.539999999999999
1, -7.9329999999999998
0, -5.1079999999999997
1, -4.048
1, -17.428000000000001
1, -4.5800000000000001
1, -6.3680000000000003
1, -3.8250000000000002
0, -15.019
0, -19.649999999999999
1, -3.3370000000000002
1, -7.5339999999999998
1, -3.1829999999999998
1, -5.0709999999999997
1, -7.2050000000000001
1, -11.253
0, -10.021000000000001
0, -12.755000000000001
1, -4.008
1, -16.763999999999999
1, -9.4649999999999999
1, -6.0970000000000004
1, -3.1600000000000001
0, -12.685
0, -14.029999999999999
1, -7.3970000000000002
0, -15.631
1, -9.7420000000000009
1, -5.673
0, -12.441000000000001
0, -6.1790000000000003
1, -19.661999999999999
0, -9.2650000000000006
0, -4.0700000000000003
1, -8.3420000000000005
1, -3.7410000000000001
1, -4.7999999999999998
0, -6.7869999999999999
1, -5.3250000000000002
1, -6.8550000000000004
0, -9.0350000000000001
0, -10.247
0, -6.4530000000000003
1, -8.0960000000000001
0, -13.321
0, -7.1189999999999998
1, -6.9859999999999998
0, -10.06
1, -8.3919999999999995
1, -5.9199999999999999
1, -9.2129999999999992
1, -6.2160000000000002
0, -12.891
1, -12.637
1, -17.337
0, -14.031000000000001
0, -16.388999999999999
1, -5.4290000000000003
1, -11.661
0, -5.202
1, -4.4219999999999997
0, -6.5720000000000001
1, -7.9859999999999998
0, -10.786
1, -13.276999999999999
1, -5.6470000000000002
0, -5.343
0, -9.8529999999999998
1, -9.4949999999999992
1, -12.797000000000001
0, -5.6120000000000001
0, -7.6319999999999997
1, -5.173
0, -8.2279999999999998
1, -7.0449999999999999
1, -12.1
0, -5.3559999999999999
0, -16.196000000000002
0, -7.1639999999999997
0, -15.968
0, -14.172000000000001
0, -7.0940000000000003
1, -5.6260000000000003
1, -4.3570000000000002
0, -13.01
0, -9.7100000000000009
1, -4.9119999999999999
1, -6.2590000000000003
1, -10.478
0, -10.061
1, -2.9729999999999999
1, -14.808
0, -11.401
0, -3.4780000000000002
1, -13.358000000000001
1, -9.5050000000000008
1, -3.6699999999999999
1, -4.4589999999999996
0, -23.548999999999999
1, -8.9659999999999993
1, -12.455
1, -10.596
1, -8.1069999999999993
0, -13.558
0, -23.155000000000001
1, -3.7999999999999998
0, -4.5330000000000004
1, -9.4290000000000003
0, -10.815
0, -12.353999999999999
1, -4.0609999999999999
0, -7.8840000000000003
1, -6.3600000000000003
1, -10.27
0, -9.7219999999999995
0, -14.467000000000001
1, -12.067
1, -13.148999999999999
1, -6.2089999999999996
1, -4.7389999999999999
0, -10.242000000000001
1, -8.9009999999999998
0, -7.077
1, -6.5099999999999998
1, -6.4649999999999999
0, -10.481
1, -19.367999999999999
1, -7.2999999999999998
1, -5.9199999999999999
0, -6.5730000000000004
1, -5.8289999999999997
1, -4.3799999999999999
1, -8.5619999999999994
1, -7.625
0, -14.153
0, -12.102
1, -10.185
1, -10.893000000000001
1, -5.0979999999999999
1, -11.356999999999999
0, -5.1130000000000004
1, -14.148
1, -4.3280000000000003
0, -17.501999999999999
0, -7.6429999999999998
1, -8.2390000000000008
0, -5.1980000000000004
0, -4.1829999999999998
1, -8.2520000000000007
1, -3.5659999999999998
0, -4.6669999999999998
1, -7.202
1, -8.5950000000000006
1, -8.0800000000000001
1, -4.673
0, -18.995000000000001
1, -4.5759999999999996
0, -5.0289999999999999
0, -16.599
1, -7.4930000000000003
1, -3.9940000000000002
0, -7.0540000000000003
1, -9.7360000000000007
1, -6.0999999999999996
1, -5.0670000000000002
0, -5.9539999999999997
0, -7.9189999999999996
1, -5.1760000000000002
1, -13.776
1, -13.324
0, -8.4030000000000005
1, -4.3849999999999998
0, -15.268000000000001
0, -5.7640000000000002
0, -12.958
1, -10.561999999999999
1, -7.2640000000000002
1, -6.7880000000000003
1, -7.2690000000000001
0, -9.8640000000000008
1, -5.8109999999999999
1, -8.7750000000000004
1, -8.9580000000000002
1, -4.4299999999999997
0, -12.031000000000001
0, -22.710000000000001
1, -3.492
1, -4.1760000000000002
1, -7.8250000000000002
0, -10.702
1, -5.3819999999999997
1, -5.2779999999999996
0, -10.33
1, -9.7159999999999993
1, -9.3390000000000004
0, -16.864999999999998
1, -5.8559999999999999
1, -10.914999999999999
0, -10.853
1, -6.4249999999999998
1, -4.5979999999999999
0, -9.3290000000000006
0, -8.7100000000000009
0, -6.4100000000000001
1, -12.359
0, -6.2229999999999999
0, -7.6130000000000004
0, -12.81
1, -12.778
0, -19.597000000000001
1, -6.4909999999999997
0, -13.119999999999999
1, -9.7840000000000007
0, -7.1719999999999997
0, -10.898999999999999
0, -10.095000000000001
1, -7.6280000000000001
0, -20.282
1, -10.599
1, -5.3440000000000003
1, -5.1520000000000001
1, -7.3860000000000001
0, -16.684999999999999
1, -14.866
1, -9.423
0, -7.5709999999999997
0, -7.9770000000000003
1, -12.769
1, -6.452
0, -6.3730000000000002
0, -13.781000000000001
0, -10.016999999999999
0, -9.6910000000000007
1, -9.3089999999999993
1, -5.431
0, -16.963000000000001
1, -6.2359999999999998
0, -20.343
1, -3.5899999999999999
1, -4.1040000000000001
0, -8.4890000000000008
0, -3.6240000000000001
1, -4.6600000000000001
1, -8.2080000000000002
1, -7.3719999999999999
0, -24.219999999999999
0, -25.751999999999999
1, -15.911
0, -12.183
0, -5.4459999999999997
0, -4.5209999999999999
1, -7.6769999999999996
1, -6.2919999999999998
1, -5.1299999999999999
0, -14.18
1, -9.5310000000000006
1, -7.3559999999999999
1, -5.3040000000000003
0, -8.3010000000000002
1, -11.359
1, -13.227
0, -9.6500000000000004
1, -4.8529999999999998
0, -11.814
0, -8.4049999999999994
0, -16.937000000000001
1, -2.5990000000000002
1, -9.1479999999999997
1, -7.2320000000000002
1, -3.7530000000000001
1, -7.9740000000000002
0, -4.1340000000000003
1, -1.6220000000000001
1, -4.0019999999999998
0, -5.0250000000000004
0, -9.1910000000000007
1, -4.0220000000000002
0, -18.152000000000001
1, -29.75
0, -7.1619999999999999
0, -11.156000000000001
1, -4.2380000000000004
0, -11.507999999999999
1, -10.720000000000001
0, -12.436
0, -9.1050000000000004
0, -9.4920000000000009
0, -6.7480000000000002
1, -5.9809999999999999
0, -13.512
1, -6.4779999999999998
0, -5.1550000000000002
1, -7.8650000000000002
0, -7.2990000000000004
1, -5.5629999999999997
0, -7.7510000000000003
1, -5.9909999999999997
0, -3.0489999999999999
1, -4.0590000000000002
1, -7.6929999999999996
0, -11.105
0, -9.5169999999999995
0, -13.637
1, -6.774
1, -4.6829999999999998
0, -24.829999999999998
0, -23.149999999999999
1, -4.9980000000000002
0, -8.5250000000000004
1, -5.9109999999999996
0, -6.2240000000000002
1, -4.7569999999999997
1, -5.8639999999999999
0, -8.1579999999999995
1, -4.2140000000000004
0, -18.271999999999998
0, -8.7289999999999992
1, -8.7940000000000005
1, -18.335000000000001
0, -10.132
1, -20.638999999999999
1, -15.339
1, -7.2789999999999999
0, -8.0449999999999999
1, -5.8319999999999999
1, -12.518000000000001
0, -5.4180000000000001
1, -2.6850000000000001
0, -14.334
0, -19.120999999999999
1, -12.584
1, -14.109
1, -5.0499999999999998
0, -8.0259999999999998
1, -4.6589999999999998
1, -11.451000000000001
1, -3.677
1, -2.512
0, -8.2360000000000007
0, -18.114000000000001
0, -8.9779999999999998
1, -11.41
1, -5.7110000000000003
0, -13.839
1, -10.067
0, -7.8179999999999996
1, -4.3470000000000004
1, -6.1239999999999997
0, -4.8789999999999996
0, -3.5329999999999999
0, -15.199999999999999
1, -8.9120000000000008
1, -10.798
1, -4.6539999999999999
1, -3.1160000000000001
0, -18.611999999999998
1, -6.8250000000000002
1, -9.7680000000000007
0, -10.853999999999999
0, -7.4740000000000002
0, -20.393999999999998
0, -18.405999999999999
0, -7.0519999999999996
1, -22.420000000000002
1, -24.308
0, -13.135
1, -9.7400000000000002
1, -7.101
0, -12.135
0, -23.581
1, -5.2610000000000001
0, -11.977
0, -14.654999999999999
1, -4.4379999999999997
1, -4.1479999999999997
1, -6.8920000000000003
0, -10.699999999999999
0, -25.923999999999999
1, -6.7910000000000004
0, -11.576000000000001
0, -9.9779999999999998
0, -14.893000000000001
0, -5.5289999999999999
1, -9.032
1, -10.817
0, -12.939
1, -6.5750000000000002
0, -9.4670000000000005
0, -19.802
1, -9.9589999999999996
1, -7.4829999999999997
0, -6.6680000000000001
0, -6.8559999999999999
0, -5.6609999999999996
1, -5.0899999999999999
0, -10.115
0, -9.0220000000000002
1, -4.2190000000000003
1, -12.083
1, -10.234999999999999
1, -5.2329999999999997
1, -8.0310000000000006
0, -7.3440000000000003
0, -24.446999999999999
1, -24.731999999999999
1, -12.692
1, -6.6100000000000003
1, -4.0190000000000001
0, -15.089
0, -13.456
0, -12.5
1, -7.0720000000000001
0, -3.798
0, -6.4889999999999999
1, -6.0460000000000003
1, -3.4689999999999999
1, -1.9830000000000001
1, -11.737
0, -11.281000000000001
1, -3.2170000000000001
1, -12.67
0, -11.026
0, -5.7679999999999998
0, -5.0730000000000004
1, -6.1420000000000003
1, -6.7999999999999998
1, -5.3879999999999999
0, -7.1059999999999999
1, -12.041
1, -8.0389999999999997
1, -8.0530000000000008
0, -11.013
1, -5.2169999999999996
0, -9.6910000000000007
0, -7.9930000000000003
0, -11.724
1, -7.3970000000000002
0, -9.4239999999999995
1, -5.5730000000000004
1, -10.271000000000001
0, -10.002000000000001
0, -9.1129999999999995
1, -14.273999999999999
1, -12.535
0, -8.5749999999999993
0, -5.6420000000000003
1, -7.6790000000000003
1, -6.782
0, -7.3209999999999997
1, -8.8919999999999995
1, -9.4580000000000002
1, -5.5190000000000001
1, -3.1989999999999998
1, -7.2720000000000002
0, -8.3800000000000008
0, -6.2460000000000004
1, -10.831
1, -7.2720000000000002
0, -12.23
0, -5.5800000000000001
1, -7.1840000000000002
0, -10.109999999999999
1, -7.5449999999999999
0, -7.0090000000000003
1, -6.4580000000000002
1, -1.8100000000000001
0, -4.4619999999999997
0, -8.1829999999999998
1, -12.502000000000001
1, -6.758
0, -10.712999999999999
0, -8.7170000000000005
0, -10.423
1, -5.9829999999999997
1, -9.3219999999999992
0, -11.840999999999999
0, -11.372
0, -8.1649999999999991
1, -3.3730000000000002
1, -4.0579999999999998
1, -3.2629999999999999
0, -5.5469999999999997
0, -17.312000000000001
1, -11.196999999999999
1, -7.4569999999999999
0, -15.417
1, -8.8089999999999993
0, -7.4489999999999998
0, -10.141
0, -18.57
0, -9.6980000000000004
0, -6.5810000000000004
1, -12.055
1, -4.2030000000000003
0, -11.202
0, -11.143000000000001
0, -18.890999999999998
0, -9.5350000000000001
0, -10.132999999999999
0, -4.7930000000000001
1, -5.2779999999999996
0, -9.7810000000000006
0, -9.0180000000000007
1, -4.7759999999999998
0, -6.9050000000000002
1, -23.893000000000001
0, -13.005000000000001
0, -6.2130000000000001
0, -6.2990000000000004
0, -8.3919999999999995
1, -3.4260000000000002
0, -14.243
1, -2.4449999999999998
0, -17.712
1, -11.693
1, -22.213999999999999
0, -4.3140000000000001
1, -9.2439999999999998
0, -5.5359999999999996
1, -13.839
0, -12.569000000000001
1, -4.9930000000000003
1, -3.8319999999999999
0, -14.885999999999999
0, -9.4329999999999998
0, -6.79
1, -4.4560000000000004
1, -5.625
0, -11.539
0, -12.891999999999999
1, -8.6259999999999994
1, -12.625
0, -14.977
0, -6.0359999999999996
1, -13.207000000000001
1, -5.5350000000000001
0, -19.995000000000001
0, -8.6020000000000003
0, -8.2780000000000005
0, -14.657999999999999
0, -3.7749999999999999
0, -4.4290000000000003
0, -6.4240000000000004
0, -12.686
0, -11.425000000000001
0, -23.366
0, -7.6260000000000003
1, -12.811
0, -10.976000000000001
1, -6.0220000000000002
1, -4.7140000000000004
0, -16.263000000000002
0, -7.4009999999999998
1, -19.975999999999999
0, -9.1310000000000002
0, -6.8250000000000002
1, -6.4809999999999999
1, -6.2060000000000004
0, -3.806
0, -11.661
0, -2.8380000000000001
0, -6.9080000000000004
0, -12.102
1, -4.5069999999999997
1, -5.6479999999999997
1, -6.0330000000000004
1, -3.028
1, -6.9770000000000003
0, -16.113
1, -4.1689999999999996
0, -4.9690000000000003
1, -7.2489999999999997
0, -10.269
1, -4.806
1, -3.637
0, -6.6219999999999999
1, -6.7619999999999996
0, -4.3140000000000001
0, -6.7460000000000004
1, -12.090999999999999
0, -11.26
1, -2.5419999999999998
0, -13.875999999999999
1, -7.8029999999999999
0, -4.4400000000000004
1, -3.9100000000000001
1, -3.536
1, -7.8339999999999996
0, -8.0890000000000004
0, -23.995999999999999
1, -7.3150000000000004
0, -6.109
1, -5.8079999999999998
0, -8.0229999999999997
0, -9.0239999999999991
0, -9.7059999999999995
0, -18.696000000000002
0, -6.3789999999999996
1, -9.8100000000000005
0, -6.7510000000000003
0, -8.2799999999999994
1, -6.9909999999999997
1, -6.391
1, -8.843
0, -7.327
0, -12.093999999999999
1, -14.009
1, -14.007
0, -8.6110000000000007
1, -10.571
1, -4.335
1, -6.6109999999999998
1, -5.2489999999999997
1, -6.0030000000000001
0, -18.829999999999998
1, -5.4930000000000003
0, -18.018000000000001
1, -4.7569999999999997
0, -7.7850000000000001
1, -6.6760000000000002
0, -13.943
1, -11.314
1, -8.298
1, -9.6440000000000001
1, -23.475999999999999
1, -19.774999999999999
0, -11.368
1, -6.5380000000000003
0, -24.704999999999998
1, -5.2400000000000002
0, -11.907
1, -4.0170000000000003
0, -13.404
0, -12.253
0, -10.516
0, -6.6230000000000002
1, -9.4290000000000003
1, -15.608000000000001
1, -5.0129999999999999
1, -7.5700000000000003
0, -14.023
1, -5.9560000000000004
0, -6.5330000000000004
0, -6.6740000000000004
1, -4.6749999999999998
0, -8.5109999999999992
0, -13.691000000000001
0, -6.3819999999999997
1, -8.7439999999999998
1, -10.942
1, -10.086
0, -13.555999999999999
0, -16.155999999999999
0, -9.0589999999999993
0, -16.332999999999998
1, -6.8300000000000001
0, -3.1389999999999998
0, -19.513999999999999
0, -5.9809999999999999
1, -4.367
1, -15.775
1, -3.5419999999999998
1, -5.827
0, -14.300000000000001
0, -1.5449999999999999
0, -17.548999999999999
0, -14.375
1, -7.1139999999999999
0, -13.959
1, -6.4340000000000002
0, -13.484999999999999
0, -5.5369999999999999
0, -24.997
0, -7.742
0, -13.129
0, -21.140999999999998
1, -10.752000000000001
0, -12.484
1, -5.1870000000000003
0, -5.407
0, -12.733000000000001
0, -11.336
1, -5.7030000000000003
1, -7.468
0, -6.8179999999999996
1, -14.507
1, -3.242
0, -25.416
0, -12.997999999999999
0, -8.9749999999999996
1, -3.5920000000000001
1, -5.032
1, -7.6950000000000003
1, -8.0060000000000002
0, -11.768000000000001
0, -11.186
0, -8.6660000000000004
0, -9.3940000000000001
0, -14.159000000000001
1, -4.4029999999999996
0, -12.057
0, -7.9500000000000002
1, -4.6059999999999999
0, -16.228999999999999
0, -5.968
1, -5.0289999999999999
1, -3.5089999999999999
1, -18.942
0, -5.4720000000000004
0, -9.9990000000000006
1, -9.4269999999999996
1, -7.5309999999999997
0, -17.335999999999999
1, -9.7590000000000003
1, -4.3840000000000003
1, -6.2469999999999999
0, -8.7650000000000006
0, -13.545999999999999
0, -5.7709999999999999
1, -4.3920000000000003
1, -11.704000000000001
0, -21.998999999999999
0, -13.75
0, -11.398
1, -7.5350000000000001
1, -5.4770000000000003
1, -10.414
1, -9.3100000000000005
0, -11.221
1, -6.0830000000000002
0, -11.778
1, -10.736000000000001
1, -11.516
1, -5.1280000000000001
1, -6.6150000000000002
0, -28.405999999999999
1, -7.2460000000000004
0, -9.2550000000000008
1, -8.4030000000000005
0, -7.2000000000000002
0, -8.0150000000000006
1, -6.399
0, -9.7629999999999999
1, -8.3170000000000002
1, -7.2560000000000002
1, -21.449999999999999
0, -12.211
1, -7.0629999999999997
1, -12.206
1, -5.7300000000000004
1, -6.2889999999999997
0, -8.8800000000000008
0, -12.169
1, -14.071
0, -13.797000000000001
0, -13.75
1, -10.18
1, -3.9889999999999999
0, -9.1980000000000004
1, -7.0330000000000004
1, -6.9800000000000004
1, -9.8379999999999992
0, -14.257
1, -2.9830000000000001
0, -7.4950000000000001
0, -7.2649999999999997
1, -2.3879999999999999
1, -14.747999999999999
0, -4.3730000000000002
1, -8.4819999999999993
1, -4.984
0, -9.4000000000000004
1, -5.4390000000000001
1, -5.21
1, -4.1829999999999998
0, -11.878
0, -17.603999999999999
0, -12.246
0, -5.5300000000000002
0, -11.079000000000001
0, -8.6920000000000002
1, -5.0590000000000002
0, -9.9849999999999994
1, -5.1989999999999998
0, -23.030000000000001
0, -32.741999999999997
1, -4.5039999999999996
0, -10.613
1, -9.3140000000000001
1, -10.321
1, -10.512
1, -8.2420000000000009
0, -3.9199999999999999
1, -2.2669999999999999
0, -6.8239999999999998
1, -11.553000000000001
0, -15.226000000000001
0, -7.3399999999999999
1, -31.981999999999999
0, -11.880000000000001
1, -3.8650000000000002
0, -13.505000000000001
0, -11.522
0, -8.8529999999999998
1, -3.8559999999999999
1, -3.4870000000000001
1, -5.9530000000000003
1, -10.93
0, -21.786999999999999
1, -7.5350000000000001
0, -9.7449999999999992
1, -14.509
1, -8.4030000000000005
0, -7.3090000000000002
1, -5.8840000000000003
1, -5.907
1, -8.5310000000000006
1, -13.33
0, -12.412000000000001
0, -6.2220000000000004
0, -9.1609999999999996
1, -7.7869999999999999
0, -6.3049999999999997
0, -26.265999999999998
1, -9.6029999999999998
0, -10.57
1, -3.8029999999999999
1, -6.5309999999999997
0, -8.9100000000000001
0, -14.247999999999999
0, -5.9130000000000003
0, -7.9009999999999998
1, -1.998
0, -5.6269999999999998
1, -18.349
1, -4.2640000000000002
0, -9.9830000000000005
0, -18.050999999999998
0, -14.737
0, -16.433
1, -9.6280000000000001
0, -13.038
0, -5.9340000000000002
0, -9.7409999999999997
1, -23.988
0, -14.438000000000001
1, -5.2709999999999999
1, -3.9369999999999998
0, -16.006
1, -15.144
1, -14.544
1, -5.9470000000000001
1, -7.2549999999999999
1, -7.9820000000000002
1, -4.5010000000000003
0, -13.496
1, -12.951000000000001
0, -2.6579999999999999
1, -8.6999999999999993
0, -4.4199999999999999
1, -4.8819999999999997
1, -8.1649999999999991
1, -6.7359999999999998
1, -9.4540000000000006
0, -6.1589999999999998
1, -6.25
0, -6.7119999999999997
1, -6.024
0, -11.792999999999999
1, -5.056
1, -4.5350000000000001
1, -14.023
1, -5.3529999999999998
0, -11.689
0, -7.4359999999999999
0, -4.149
0, -16.443999999999999
1, -6.6959999999999997
1, -8.0640000000000001
1, -3.8610000000000002
1, -14.199
0, -6.1120000000000001
0, -15.222
1, -5.0110000000000001
0, -13.615
0, -4.4989999999999997
0, -7.657
1, -5.5419999999999998
0, -7.391
0, -13.483000000000001
1, -4.1340000000000003
0, -12.359999999999999
0, -13.845000000000001
1, -9.0570000000000004
1, -4.3250000000000002
0, -25.651
1, -4.0759999999999996
1, -6.0519999999999996
1, -5.7290000000000001
0, -7.4859999999999998
1, -5.218
1, -4.2640000000000002
1, -4.7069999999999999
0, -7.6870000000000003
1, -7.7359999999999998
0, -11.957000000000001
0, -10.202999999999999
1, -3.8679999999999999
0, -17.809999999999999
0, -14.510999999999999
0, -10.285
0, -19.963000000000001
1, -3.2370000000000001
1, -2.7410000000000001
0, -12.144
1, -13.666
1, -6.9240000000000004
0, -16.486000000000001
1, -6.9660000000000002
0, -8.7059999999999995
0, -9.5020000000000007
1, -3.246
1, -7.4459999999999997
1, -9.5589999999999993
1, -6.1020000000000003
1, -7.8959999999999999
1, -5.1600000000000001
0, -13.705
0, -23.690000000000001
1, -3.4239999999999999
0, -11.037000000000001
0, -6.2220000000000004
0, -16.934000000000001
1, -5.9109999999999996
1, -20.498999999999999
0, -13.757999999999999
0, -8.1579999999999995
0, -14.117000000000001
0, -11.936999999999999
0, -10.879
0, -11.613
0, -12.157999999999999
1, -7.2190000000000003
1, -8.2469999999999999
0, -7.4370000000000003
0, -3.7650000000000001
0, -6.1799999999999997
1, -5.8929999999999998
0, -11.484999999999999
1, -8.0660000000000007
0, -8.3510000000000009
1, -16.407
0, -7.0330000000000004
